label,config_label,mode,rounds,request_count,batch_delay_seconds,max_tokens,submit_concurrency,arrival_pattern,arrival_rate_rps,arrival_burst,gpu_count,token_metric,interactivity_mode,input_cost_per_m,output_cost_per_m,cached_cost_per_m,cached_prompt_token_source,failure_top_error,failure_error_summary,succeeded,succeeded_median_across_rounds,succeeded_stdev_across_rounds,succeeded_min,succeeded_max,failed,failed_median_across_rounds,failed_stdev_across_rounds,failed_min,failed_max,submit_failed,submit_failed_median_across_rounds,submit_failed_stdev_across_rounds,submit_failed_min,submit_failed_max,failure_top_error_count,failure_top_error_count_median_across_rounds,failure_top_error_count_stdev_across_rounds,failure_top_error_count_min,failure_top_error_count_max,submit_seconds,submit_seconds_median_across_rounds,submit_seconds_stdev_across_rounds,submit_seconds_min,submit_seconds_max,arrival_span_seconds,arrival_span_seconds_median_across_rounds,arrival_span_seconds_stdev_across_rounds,arrival_span_seconds_min,arrival_span_seconds_max,wall_seconds,wall_seconds_median_across_rounds,wall_seconds_stdev_across_rounds,wall_seconds_min,wall_seconds_max,service_window_seconds,service_window_seconds_median_across_rounds,service_window_seconds_stdev_across_rounds,service_window_seconds_min,service_window_seconds_max,prompt_tokens,prompt_tokens_median_across_rounds,prompt_tokens_stdev_across_rounds,prompt_tokens_min,prompt_tokens_max,completion_tokens,completion_tokens_median_across_rounds,completion_tokens_stdev_across_rounds,completion_tokens_min,completion_tokens_max,total_tokens,total_tokens_median_across_rounds,total_tokens_stdev_across_rounds,total_tokens_min,total_tokens_max,cached_prompt_tokens,cached_prompt_tokens_median_across_rounds,cached_prompt_tokens_stdev_across_rounds,cached_prompt_tokens_min,cached_prompt_tokens_max,response_cached_prompt_tokens,response_cached_prompt_tokens_median_across_rounds,response_cached_prompt_tokens_stdev_across_rounds,response_cached_prompt_tokens_min,response_cached_prompt_tokens_max,uncached_input_tokens,uncached_input_tokens_median_across_rounds,uncached_input_tokens_stdev_across_rounds,uncached_input_tokens_min,uncached_input_tokens_max,billed_breakdown_tokens,billed_breakdown_tokens_median_across_rounds,billed_breakdown_tokens_stdev_across_rounds,billed_breakdown_tokens_min,billed_breakdown_tokens_max,input_token_ratio,input_token_ratio_median_across_rounds,input_token_ratio_stdev_across_rounds,input_token_ratio_min,input_token_ratio_max,output_token_ratio,output_token_ratio_median_across_rounds,output_token_ratio_stdev_across_rounds,output_token_ratio_min,output_token_ratio_max,cached_token_ratio,cached_token_ratio_median_across_rounds,cached_token_ratio_stdev_across_rounds,cached_token_ratio_min,cached_token_ratio_max,metrics_prompt_tokens,metrics_prompt_tokens_median_across_rounds,metrics_prompt_tokens_stdev_across_rounds,metrics_prompt_tokens_min,metrics_prompt_tokens_max,metrics_completion_tokens,metrics_completion_tokens_median_across_rounds,metrics_completion_tokens_stdev_across_rounds,metrics_completion_tokens_min,metrics_completion_tokens_max,metrics_cached_prompt_tokens,metrics_cached_prompt_tokens_median_across_rounds,metrics_cached_prompt_tokens_stdev_across_rounds,metrics_cached_prompt_tokens_min,metrics_cached_prompt_tokens_max,metrics_prefix_cache_queries,metrics_prefix_cache_queries_median_across_rounds,metrics_prefix_cache_queries_stdev_across_rounds,metrics_prefix_cache_queries_min,metrics_prefix_cache_queries_max,metrics_prefix_cache_hits,metrics_prefix_cache_hits_median_across_rounds,metrics_prefix_cache_hits_stdev_across_rounds,metrics_prefix_cache_hits_min,metrics_prefix_cache_hits_max,metrics_prefix_cache_hit_rate,metrics_prefix_cache_hit_rate_median_across_rounds,metrics_prefix_cache_hit_rate_stdev_across_rounds,metrics_prefix_cache_hit_rate_min,metrics_prefix_cache_hit_rate_max,metrics_local_compute_prompt_tokens,metrics_local_compute_prompt_tokens_median_across_rounds,metrics_local_compute_prompt_tokens_stdev_across_rounds,metrics_local_compute_prompt_tokens_min,metrics_local_compute_prompt_tokens_max,metrics_local_cache_hit_prompt_tokens,metrics_local_cache_hit_prompt_tokens_median_across_rounds,metrics_local_cache_hit_prompt_tokens_stdev_across_rounds,metrics_local_cache_hit_prompt_tokens_min,metrics_local_cache_hit_prompt_tokens_max,metrics_external_kv_transfer_prompt_tokens,metrics_external_kv_transfer_prompt_tokens_median_across_rounds,metrics_external_kv_transfer_prompt_tokens_stdev_across_rounds,metrics_external_kv_transfer_prompt_tokens_min,metrics_external_kv_transfer_prompt_tokens_max,throughput_tok_s,throughput_tok_s_median_across_rounds,throughput_tok_s_stdev_across_rounds,throughput_tok_s_min,throughput_tok_s_max,throughput_tok_s_gpu,throughput_tok_s_gpu_median_across_rounds,throughput_tok_s_gpu_stdev_across_rounds,throughput_tok_s_gpu_min,throughput_tok_s_gpu_max,service_throughput_tok_s,service_throughput_tok_s_median_across_rounds,service_throughput_tok_s_stdev_across_rounds,service_throughput_tok_s_min,service_throughput_tok_s_max,service_throughput_tok_s_gpu,service_throughput_tok_s_gpu_median_across_rounds,service_throughput_tok_s_gpu_stdev_across_rounds,service_throughput_tok_s_gpu_min,service_throughput_tok_s_gpu_max,input_throughput_tok_s_gpu,input_throughput_tok_s_gpu_median_across_rounds,input_throughput_tok_s_gpu_stdev_across_rounds,input_throughput_tok_s_gpu_min,input_throughput_tok_s_gpu_max,output_throughput_tok_s_gpu,output_throughput_tok_s_gpu_median_across_rounds,output_throughput_tok_s_gpu_stdev_across_rounds,output_throughput_tok_s_gpu_min,output_throughput_tok_s_gpu_max,cached_throughput_tok_s_gpu,cached_throughput_tok_s_gpu_median_across_rounds,cached_throughput_tok_s_gpu_stdev_across_rounds,cached_throughput_tok_s_gpu_min,cached_throughput_tok_s_gpu_max,service_input_throughput_tok_s_gpu,service_input_throughput_tok_s_gpu_median_across_rounds,service_input_throughput_tok_s_gpu_stdev_across_rounds,service_input_throughput_tok_s_gpu_min,service_input_throughput_tok_s_gpu_max,service_output_throughput_tok_s_gpu,service_output_throughput_tok_s_gpu_median_across_rounds,service_output_throughput_tok_s_gpu_stdev_across_rounds,service_output_throughput_tok_s_gpu_min,service_output_throughput_tok_s_gpu_max,service_cached_throughput_tok_s_gpu,service_cached_throughput_tok_s_gpu_median_across_rounds,service_cached_throughput_tok_s_gpu_stdev_across_rounds,service_cached_throughput_tok_s_gpu_min,service_cached_throughput_tok_s_gpu_max,input_cost_usd,input_cost_usd_median_across_rounds,input_cost_usd_stdev_across_rounds,input_cost_usd_min,input_cost_usd_max,output_cost_usd,output_cost_usd_median_across_rounds,output_cost_usd_stdev_across_rounds,output_cost_usd_min,output_cost_usd_max,cached_cost_usd,cached_cost_usd_median_across_rounds,cached_cost_usd_stdev_across_rounds,cached_cost_usd_min,cached_cost_usd_max,estimated_cost_usd,estimated_cost_usd_median_across_rounds,estimated_cost_usd_stdev_across_rounds,estimated_cost_usd_min,estimated_cost_usd_max,interactivity_tok_s_user_median,interactivity_tok_s_user_median_median_across_rounds,interactivity_tok_s_user_median_stdev_across_rounds,interactivity_tok_s_user_median_min,interactivity_tok_s_user_median_max,interactivity_tok_s_user_p50,interactivity_tok_s_user_p50_median_across_rounds,interactivity_tok_s_user_p50_stdev_across_rounds,interactivity_tok_s_user_p50_min,interactivity_tok_s_user_p50_max,interactivity_tok_s_user_p95,interactivity_tok_s_user_p95_median_across_rounds,interactivity_tok_s_user_p95_stdev_across_rounds,interactivity_tok_s_user_p95_min,interactivity_tok_s_user_p95_max,queue_seconds_p50,queue_seconds_p50_median_across_rounds,queue_seconds_p50_stdev_across_rounds,queue_seconds_p50_min,queue_seconds_p50_max,queue_seconds_p95,queue_seconds_p95_median_across_rounds,queue_seconds_p95_stdev_across_rounds,queue_seconds_p95_min,queue_seconds_p95_max,upstream_seconds_p50,upstream_seconds_p50_median_across_rounds,upstream_seconds_p50_stdev_across_rounds,upstream_seconds_p50_min,upstream_seconds_p50_max,upstream_seconds_p95,upstream_seconds_p95_median_across_rounds,upstream_seconds_p95_stdev_across_rounds,upstream_seconds_p95_min,upstream_seconds_p95_max,end_to_end_seconds_p50,end_to_end_seconds_p50_median_across_rounds,end_to_end_seconds_p50_stdev_across_rounds,end_to_end_seconds_p50_min,end_to_end_seconds_p50_max,end_to_end_seconds_p95,end_to_end_seconds_p95_median_across_rounds,end_to_end_seconds_p95_stdev_across_rounds,end_to_end_seconds_p95_min,end_to_end_seconds_p95_max
vllm_batch_n64_delay0_max1024_arrivalall_at_once,vllm_batch_n64_delay0_max1024_arrivalall_at_once,vllm_batch,3,64,0.0,1024,32,all_at_once,0.0,0,8,completion,upstream,1.4,4.4,0.26,none,,,64.0,64.0,0.0,64.0,64.0,0.0,0.0,0.0,0.0,0.0,0.0,0.0,0.0,0.0,0.0,0.0,0.0,0.0,0.0,0.0,19.314756,19.08025,0.6515546155557488,18.812914,20.051104,0.0,0.0,0.0,0.0,0.0,19.314756,19.08025,0.6515546155557488,18.812914,20.051104,19.314492666666666,19.080032,0.651507222158231,18.812665,20.050781,4045.0,4045.0,0.0,4045.0,4045.0,65100.333333333336,65146.0,96.93468591445135,64989.0,65166.0,69145.33333333333,69191.0,96.93468591445135,69034.0,69211.0,0.0,0.0,0.0,0.0,0.0,0.0,0.0,0.0,0.0,0.0,4045.0,4045.0,0.0,4045.0,4045.0,69145.33333333333,69191.0,96.93468591445135,69034.0,69211.0,0.05850004778198111,0.05846136058157853,8.207435433693368e-05,0.058444466919998266,0.05859431584436654,0.9414999522180189,0.9415386394184214,8.20743543369438e-05,0.9414056841556334,0.9415555330800017,0.0,0.0,0.0,0.0,0.0,4045.0,4045.0,0.0,4045.0,4045.0,65100.333333333336,65146.0,96.93468591445135,64989.0,65166.0,0.0,0.0,0.0,0.0,0.0,4045.0,4045.0,0.0,4045.0,4045.0,0.0,0.0,0.0,0.0,0.0,0.0,0.0,0.0,0.0,0.0,4045.0,4045.0,0.0,4045.0,4045.0,0.0,0.0,0.0,0.0,0.0,0.0,0.0,0.0,0.0,0.0,3373.1270842720864,3414.315845722159,116.93775875293092,3241.168194524582,3463.8972125695186,421.6408855340108,426.78948071526986,14.617219844116365,405.14602431557273,432.9871515711898,3373.1727538540563,3414.354840898039,116.9329708203038,3241.220377523552,3463.943043140578,421.64659423175704,426.7943551122549,14.616621352537974,405.152547190444,432.99288039257226,26.1977387017745,26.499914798963353,0.8701195357085373,25.216816205149975,26.876485101210182,421.6408855340108,426.78948071526986,14.617219844116365,405.14602431557273,432.9871515711898,0.0,0.0,0.0,0.0,0.0,26.198093452006873,26.500217456621606,0.8700819391661141,25.217222197377186,26.876840702021834,421.64659423175704,426.7943551122549,14.616621352537974,405.152547190444,432.99288039257226,0.0,0.0,0.0,0.0,0.0,0.005662999999999999,0.005663,0.0,0.005663,0.005663,0.28644146666666664,0.2866424,0.0004265126180235732,0.28595160000000003,0.2867304,0.0,0.0,0.0,0.0,0.0,0.2921044666666666,0.2923054,0.0004265126180235732,0.2916146,0.29239339999999997,52.69605322510876,53.354207902775364,1.8362102629884829,50.62146952848028,54.112482244070655,52.69605322510876,53.354207902775364,1.8362102629884829,50.62146952848028,54.112482244070655,52.73039624144129,53.354207902775364,1.8287646581351087,50.67134289747386,54.165637924074645,0.0,0.0,0.0,0.0,0.0,0.0,0.0,0.0,0.0,0.0,19.31449270248413,19.080032110214233,0.6515072143948566,18.81266498565674,20.05078101158142,19.31449270248413,19.080032110214233,0.6515072143948566,18.81266498565674,20.05078101158142,19.31449270248413,19.080032110214233,0.6515072143948566,18.81266498565674,20.05078101158142,19.31449270248413,19.080032110214233,0.6515072143948566,18.81266498565674,20.05078101158142
vllm_batch_n128_delay0_max1024_arrivalall_at_once,vllm_batch_n128_delay0_max1024_arrivalall_at_once,vllm_batch,3,128,0.0,1024,32,all_at_once,0.0,0,8,completion,upstream,1.4,4.4,0.26,none,,,128.0,128.0,0.0,128.0,128.0,0.0,0.0,0.0,0.0,0.0,0.0,0.0,0.0,0.0,0.0,0.0,0.0,0.0,0.0,0.0,25.100679666666668,25.647855,1.0932525786442653,23.841876,25.812308,0.0,0.0,0.0,0.0,0.0,25.10068,25.647856,1.093252828895495,23.841876,25.812308,25.10031866666667,25.647307,1.0931774361522175,23.841614,25.812035,8122.0,8122.0,0.0,8122.0,8122.0,129448.0,129426.0,58.20652884342099,129404.0,129514.0,137570.0,137548.0,58.20652884342099,137526.0,137636.0,0.0,0.0,0.0,0.0,0.0,0.0,0.0,0.0,0.0,0.0,8122.0,8122.0,0.0,8122.0,8122.0,137570.0,137548.0,58.20652884342099,137526.0,137636.0,0.059039041717830504,0.059048477622357286,2.4974568225812664e-05,0.05901072393850446,0.059057923592629756,0.9409609582821695,0.9409515223776427,2.4974568225799548e-05,0.9409420764073703,0.9409892760614955,0.0,0.0,0.0,0.0,0.0,8122.0,8122.0,0.0,8122.0,8122.0,129448.0,129426.0,58.20652884342099,129404.0,129514.0,0.0,0.0,0.0,0.0,0.0,8122.0,8122.0,0.0,8122.0,8122.0,0.0,0.0,0.0,0.0,0.0,0.0,0.0,0.0,0.0,0.0,8122.0,8122.0,0.0,8122.0,8122.0,0.0,0.0,0.0,0.0,0.0,0.0,0.0,0.0,0.0,0.0,5163.914618478385,5046.269755051143,232.9330209872259,5013.267346301147,5432.206754082867,645.4893273097981,630.7837193813929,29.116627623403236,626.6584182876434,679.0258442603583,5163.988188066223,5046.377742704618,232.92298891231658,5013.32036684822,5432.266454645831,645.4985235082779,630.7972178380772,29.115373614039573,626.6650458560275,679.0333068307289,40.49961878154702,39.584205405526504,1.8083501596394649,39.332011941920186,42.582638997194366,645.4893273097981,630.7837193813929,29.116627623403236,626.6584182876434,679.0258442603583,0.0,0.0,0.0,0.0,0.0,40.500195797346805,39.58505248776029,1.808271012732245,39.332427919095664,42.58310698518446,645.4985235082779,630.7972178380772,29.115373614039573,626.6650458560275,679.0333068307289,0.0,0.0,0.0,0.0,0.0,0.011370799999999999,0.011370799999999999,0.0,0.011370799999999999,0.011370799999999999,0.5695712,0.5694744,0.0002561087269110735,0.5693776,0.5698616000000001,0.0,0.0,0.0,0.0,0.0,0.5809420000000002,0.5808452000000001,0.0002561087269110735,0.5807484,0.5812324000000001,40.34463661178299,39.41934308310825,1.824859004332719,39.16777604157175,42.44679071066897,40.34463661178299,39.41934308310825,1.824859004332719,39.16777604157175,42.44679071066897,40.35763342783414,39.45833353126167,1.8150866447693665,39.16777604157175,42.44679071066897,0.0,0.0,0.0,0.0,0.0,0.0,0.0,0.0,0.0,0.0,25.100318670272827,25.64730715751648,1.0931774206413902,23.84161400794983,25.812034845352173,25.100318670272827,25.64730715751648,1.0931774206413902,23.84161400794983,25.812034845352173,25.100318670272827,25.64730715751648,1.0931774206413902,23.84161400794983,25.812034845352173,25.100318670272827,25.64730715751648,1.0931774206413902,23.84161400794983,25.812034845352173
vllm_batch_n192_delay0_max1024_arrivalall_at_once,vllm_batch_n192_delay0_max1024_arrivalall_at_once,vllm_batch,3,192,0.0,1024,32,all_at_once,0.0,0,8,completion,upstream,1.4,4.4,0.26,none,,,192.0,192.0,0.0,192.0,192.0,0.0,0.0,0.0,0.0,0.0,0.0,0.0,0.0,0.0,0.0,0.0,0.0,0.0,0.0,0.0,29.092083,29.612973,0.9292460938368274,28.019232,29.644044,0.0,0.0,0.0,0.0,0.0,29.092083,29.612973,0.9292460938368274,28.019232,29.644044,29.091734666666667,29.612652,0.9292138730460993,28.01892,29.643632,12176.0,12176.0,0.0,12176.0,12176.0,194764.33333333334,194600.0,313.64682898657423,194567.0,195126.0,206940.33333333334,206776.0,313.64682898657423,206743.0,207302.0,0.0,0.0,0.0,0.0,0.0,0.0,0.0,0.0,0.0,0.0,12176.0,12176.0,0.0,12176.0,12176.0,206940.33333333334,206776.0,313.64682898657423,206743.0,207302.0,0.05883830587602729,0.0588849769799203,8.910063247306587e-05,0.058735564538692345,0.058894376109469244,0.9411616941239727,0.9411150230200797,8.91006324730826e-05,0.9411056238905308,0.9412644354613077,0.0,0.0,0.0,0.0,0.0,12176.0,12176.0,0.0,12176.0,12176.0,194764.33333333334,194600.0,313.64682898657423,194567.0,195126.0,0.0,0.0,0.0,0.0,0.0,12176.0,12176.0,0.0,12176.0,12176.0,0.0,0.0,0.0,0.0,0.0,0.0,0.0,0.0,0.0,0.0,12176.0,12176.0,0.0,12176.0,12176.0,0.0,0.0,0.0,0.0,0.0,0.0,0.0,0.0,0.0,0.0,6699.629559139175,6570.3298404291245,228.9718205525479,6564.556406141407,6964.002430846996,837.4536948923969,821.2912300536406,28.62147756906849,820.5695507676759,870.5003038558744,6699.709560981406,6570.401042893265,228.96958761804396,6564.647640369534,6964.079999681416,837.4636951226757,821.3001303616581,28.621198452255495,820.5809550461918,870.509999960177,52.352916094443536,51.39639310434517,1.70361280289858,51.34252235430227,54.31983282468316,837.4536948923969,821.2912300536406,28.62147756906849,820.5695507676759,870.5003038558744,0.0,0.0,0.0,0.0,0.0,52.35354128892621,51.39695008549008,1.7035941180136642,51.343235912859356,54.320437868429195,837.4636951226757,821.3001303616581,28.621198452255495,820.5809550461918,870.509999960177,0.0,0.0,0.0,0.0,0.0,0.017046399999999996,0.017046399999999996,0.0,0.017046399999999996,0.017046399999999996,0.8569630666666668,0.8562400000000001,0.0013800460475409124,0.8560948,0.8585544,0.0,0.0,0.0,0.0,0.0,0.8740094666666668,0.8732864000000001,0.0013800460475409124,0.8731412000000001,0.8756008000000001,34.8919659497514,34.20835114099964,1.18580241189386,34.2063345700653,36.261212138189265,34.8919659497514,34.20835114099964,1.18580241189386,34.2063345700653,36.261212138189265,34.91511912275927,34.24212049059589,1.1967931047148195,34.2063345700653,36.29690230761661,0.0,0.0,0.0,0.0,0.0,0.0,0.0,0.0,0.0,0.0,29.091734727223713,29.61265206336975,0.9292139742308491,28.018919944763184,29.643632173538208,29.091734727223713,29.61265206336975,0.9292139742308491,28.018919944763184,29.643632173538208,29.091734727223713,29.61265206336975,0.9292139742308491,28.018919944763184,29.643632173538208,29.091734727223713,29.61265206336975,0.9292139742308491,28.018919944763184,29.643632173538208
vllm_batch_n224_delay0_max1024_arrivalall_at_once,vllm_batch_n224_delay0_max1024_arrivalall_at_once,vllm_batch,3,224,0.0,1024,32,all_at_once,0.0,0,8,completion,upstream,1.4,4.4,0.26,none,,,224.0,224.0,0.0,224.0,224.0,0.0,0.0,0.0,0.0,0.0,0.0,0.0,0.0,0.0,0.0,0.0,0.0,0.0,0.0,0.0,31.134552333333332,30.90905,0.7172432694939241,30.557159,31.937448,0.0,0.0,0.0,0.0,0.0,31.134552666666668,30.90905,0.717243829203385,30.557159,31.937449,31.133910333333333,30.9084,0.7172413070719877,30.556525,31.936806,14210.0,14210.0,0.0,14210.0,14210.0,226717.33333333334,226711.0,15.50268793897798,226706.0,226735.0,240927.33333333334,240921.0,15.50268793897798,240916.0,240945.0,0.0,0.0,0.0,0.0,0.0,0.0,0.0,0.0,0.0,0.0,14210.0,14210.0,0.0,14210.0,14210.0,240927.33333333334,240921.0,15.50268793897798,240916.0,240945.0,0.05898043963140503,0.05898198994691206,3.795025256190406e-06,0.05897611488098944,0.05898321406631357,0.9410195603685949,0.9410180100530879,3.7950252562022675e-06,0.9410167859336864,0.9410238851190106,0.0,0.0,0.0,0.0,0.0,14210.0,14210.0,0.0,14210.0,14210.0,226717.33333333334,226711.0,15.50268793897798,226706.0,226735.0,0.0,0.0,0.0,0.0,0.0,14210.0,14210.0,0.0,14210.0,14210.0,0.0,0.0,0.0,0.0,0.0,0.0,0.0,0.0,0.0,0.0,14210.0,14210.0,0.0,14210.0,14210.0,0.0,0.0,0.0,0.0,0.0,0.0,0.0,0.0,0.0,0.0,7284.412937025973,7334.615592829086,166.4939421931924,7098.594457582443,7420.028760666391,910.5516171282467,916.8269491036358,20.81174277414905,887.3243071978054,927.5035950832988,7284.563356732603,7334.7698220907305,166.5000993788214,7098.737486505682,7420.182761601395,910.5704195915754,916.8462277613413,20.812512422352675,887.3421858132102,927.5228452001744,57.07076069341991,57.466987846650134,1.3021463976795469,55.61652679085186,58.12876744275774,910.5516171282467,916.8269491036358,20.81174277414905,887.3243071978054,927.5035950832988,0.0,0.0,0.0,0.0,0.0,57.071939177773544,57.4681962386909,1.3021946244109555,55.61764740310667,58.12997389152305,910.5704195915754,916.8462277613413,20.812512422352675,887.3421858132102,927.5228452001744,0.0,0.0,0.0,0.0,0.0,0.019894,0.019894,0.0,0.019894,0.019894,0.9975562666666667,0.9975284,6.821182693157634e-05,0.9975064,0.9976340000000001,0.0,0.0,0.0,0.0,0.0,1.0174502666666667,1.0174224,6.821182693157634e-05,1.0174004,1.0175280000000002,32.51614493900455,32.741908286308345,0.741911870459613,31.687577295957187,33.11894923474811,32.51614493900455,32.741908286308345,0.741911870459613,31.687577295957187,33.11894923474811,32.54827551700752,32.77426195062288,0.7426449849561144,31.718889131229872,33.151675469169795,0.0,0.0,0.0,0.0,0.0,0.0,0.0,0.0,0.0,0.0,31.133910258611042,30.908400058746338,0.7172411471952186,30.556524991989136,31.936805725097656,31.133910258611042,30.908400058746338,0.7172411471952186,30.556524991989136,31.936805725097656,31.133910258611042,30.908400058746338,0.7172411471952186,30.556524991989136,31.936805725097656,31.133910258611042,30.908400058746338,0.7172411471952186,30.556524991989136,31.936805725097656
vllm_batch_n256_delay0_max1024_arrivalall_at_once,vllm_batch_n256_delay0_max1024_arrivalall_at_once,vllm_batch,3,256,0.0,1024,32,all_at_once,0.0,0,8,completion,upstream,1.4,4.4,0.26,none,,,256.0,256.0,0.0,256.0,256.0,0.0,0.0,0.0,0.0,0.0,0.0,0.0,0.0,0.0,0.0,0.0,0.0,0.0,0.0,0.0,34.139744666666665,33.897384,1.3944042236200158,32.882408,35.639442,0.0,0.0,0.0,0.0,0.0,34.139744666666665,33.897384,1.3944042236200158,32.882408,35.639442,34.13907866666667,33.896652,1.3943535123426647,32.881835,35.638749,16221.0,16221.0,0.0,16221.0,16221.0,259096.66666666666,259157.0,144.29252694901885,258932.0,259201.0,275317.6666666667,275378.0,144.29252694901885,275153.0,275422.0,0.0,0.0,0.0,0.0,0.0,0.0,0.0,0.0,0.0,0.0,16221.0,16221.0,0.0,16221.0,16221.0,275317.6666666667,275378.0,144.29252694901885,275153.0,275422.0,0.05891740681786218,0.05890448764970332,3.0886678587543154e-05,0.058895077372177966,0.05895265543170527,0.9410825931821378,0.9410955123502966,3.0886678587541575e-05,0.9410473445682948,0.9411049226278221,0.0,0.0,0.0,0.0,0.0,16221.0,16221.0,0.0,16221.0,16221.0,259096.66666666666,259157.0,144.29252694901885,258932.0,259201.0,0.0,0.0,0.0,0.0,0.0,16221.0,16221.0,0.0,16221.0,16221.0,0.0,0.0,0.0,0.0,0.0,0.0,0.0,0.0,0.0,0.0,16221.0,16221.0,0.0,16221.0,16221.0,0.0,0.0,0.0,0.0,0.0,0.0,0.0,0.0,0.0,0.0,7597.632483797144,7638.701574956431,306.30075711966214,7272.8691573212955,7881.326719113705,949.704060474643,954.8376968695538,38.28759463995777,909.1086446651619,985.1658398892131,7597.780382835047,7638.866520736802,306.3003742480383,7273.010644739718,7881.463983028619,949.7225478543809,954.8583150921003,38.287546781004785,909.1263305924648,985.1829978785773,59.457399879384525,59.816562962171666,2.4052893282558787,56.89272543359629,61.662911242385604,949.704060474643,954.8376968695538,38.28759463995777,909.1086446651619,985.1658398892131,0.0,0.0,0.0,0.0,0.0,59.458557341567825,59.81785460703566,2.405288068169496,56.89383223267029,61.66398518499752,949.7225478543809,954.8583150921003,38.287546781004785,909.1263305924648,985.1829978785773,0.0,0.0,0.0,0.0,0.0,0.0227094,0.022709399999999998,0.0,0.022709399999999998,0.022709399999999998,1.1400253333333332,1.1402908,0.0006348871185757152,1.1393008,1.1404844,0.0,0.0,0.0,0.0,0.0,1.1627347333333333,1.1630002000000002,0.0006348871185757152,1.1620102,1.1631938000000002,29.67564779263515,29.825954507225475,1.1835564373437653,28.424117897389806,30.776870973290176,29.67564779263515,29.825954507225475,1.1835564373437653,28.424117897389806,30.776870973290176,29.6956189148088,29.855455945907202,1.1995956677752073,28.424117897389806,30.807282901129398,0.0,0.0,0.0,0.0,0.0,0.0,0.0,0.0,0.0,0.0,34.13907869656881,33.89665198326111,1.3943533513298827,32.88183522224426,35.63874888420105,34.13907869656881,33.89665198326111,1.3943533513298827,32.88183522224426,35.63874888420105,34.13907869656881,33.89665198326111,1.3943533513298827,32.88183522224426,35.63874888420105,34.13907869656881,33.89665198326111,1.3943533513298827,32.88183522224426,35.63874888420105
vllm_batch_n284_delay0_max1024_arrivalall_at_once,vllm_batch_n284_delay0_max1024_arrivalall_at_once,vllm_batch,3,284,0.0,1024,32,all_at_once,0.0,0,8,completion,upstream,1.4,4.4,0.26,none,,,284.0,284.0,0.0,284.0,284.0,0.0,0.0,0.0,0.0,0.0,0.0,0.0,0.0,0.0,0.0,0.0,0.0,0.0,0.0,0.0,152.58249333333333,97.691182,96.4210947511255,96.139917,263.916381,0.0,0.0,0.0,0.0,0.0,152.58249366666666,97.691182,96.4210944584376,96.139918,263.916381,152.58186433333333,97.690732,96.42082648500148,96.139419,263.915442,18015.0,18015.0,0.0,18015.0,18015.0,286566.6666666667,286593.0,92.35980366660236,286464.0,286643.0,304581.6666666667,304608.0,92.35980366660236,304479.0,304658.0,0.0,0.0,0.0,0.0,0.0,0.0,0.0,0.0,0.0,0.0,18015.0,18015.0,0.0,18015.0,18015.0,304581.6666666667,304608.0,92.35980366660236,304479.0,304658.0,0.05914670210332754,0.05914158525055153,1.7937484292637373e-05,0.05913187902500509,0.05916664203442602,0.9408532978966725,0.9408584147494484,1.7937484292637068e-05,0.940833357965574,0.940868120974995,0.0,0.0,0.0,0.0,0.0,18015.0,18015.0,0.0,18015.0,18015.0,286566.6666666667,286593.0,92.35980366660236,286464.0,286643.0,0.0,0.0,0.0,0.0,0.0,18015.0,18015.0,0.0,18015.0,18015.0,0.0,0.0,0.0,0.0,0.0,0.0,0.0,0.0,0.0,0.0,18015.0,18015.0,0.0,18015.0,18015.0,0.0,0.0,0.0,0.0,0.0,0.0,0.0,0.0,0.0,0.0,2333.5389067349174,2933.6629338710472,1081.154762916449,1085.4347077039065,2981.5190786297976,291.6923633418647,366.7078667338809,135.14434536455613,135.6793384629883,372.6898848287247,2333.5498634443225,2933.676458610402,1081.1609268737227,1085.4385701726553,2981.53456154991,291.6937329305403,366.7095573263002,135.14511585921534,135.67982127158191,372.69182019373875,18.335459843532572,23.050954556499512,8.491621071809837,8.532532124143817,23.422892849954387,291.6923633418647,366.7078667338809,135.14434536455613,135.6793384629883,372.6898848287247,0.0,0.0,0.0,0.0,0.0,18.335545932230996,23.05106082574696,8.491669488688494,8.532562486761158,23.423014484184872,291.6937329305403,366.7095573263002,135.14511585921534,135.67982127158191,372.69182019373875,0.0,0.0,0.0,0.0,0.0,0.025221000000000004,0.025221,0.0,0.025221,0.025221,1.2608933333333334,1.2610092000000002,0.0004063831361331579,1.2604416,1.2612292000000003,0.0,0.0,0.0,0.0,0.0,1.2861143333333336,1.2862302,0.0004063831361331579,1.2856626,1.2864502000000002,8.215627353037391,10.328513071630834,3.8048712801939235,3.823194248855735,10.495174738625606,8.215627353037391,10.328513071630834,3.8048712801939235,3.823194248855735,10.495174738625606,8.222506668468595,10.338749457232051,3.8108293221856657,3.823194248855735,10.505576299318,0.0,0.0,0.0,0.0,0.0,0.0,0.0,0.0,0.0,0.0,152.58186419804892,97.69073176383972,96.42082659310176,96.13941884040833,263.9154419898987,152.58186419804892,97.69073176383972,96.42082659310176,96.13941884040833,263.9154419898987,152.58186419804892,97.69073176383972,96.42082659310176,96.13941884040833,263.9154419898987,152.58186419804892,97.69073176383972,96.42082659310176,96.13941884040833,263.9154419898987
vllm_batch_n312_delay0_max1024_arrivalall_at_once,vllm_batch_n312_delay0_max1024_arrivalall_at_once,vllm_batch,3,312,0.0,1024,32,all_at_once,0.0,0,8,completion,upstream,1.4,4.4,0.26,none,,,312.0,312.0,0.0,312.0,312.0,0.0,0.0,0.0,0.0,0.0,0.0,0.0,0.0,0.0,0.0,0.0,0.0,0.0,0.0,0.0,101.35580966666667,100.209006,2.119712572959444,100.056563,103.80186,0.0,0.0,0.0,0.0,0.0,101.35580966666667,100.209006,2.119712572959444,100.056563,103.80186,101.35524466666668,100.208531,2.1195241017837843,100.056125,103.801078,19786.0,19786.0,0.0,19786.0,19786.0,313878.0,313866.0,20.784609690826528,313866.0,313902.0,333664.0,333652.0,20.784609690826528,333652.0,333688.0,0.0,0.0,0.0,0.0,0.0,0.0,0.0,0.0,0.0,0.0,19786.0,19786.0,0.0,19786.0,19786.0,333664.0,333652.0,20.784609690826528,333652.0,333688.0,0.05929917537157701,0.05930130794960018,3.693733487232256e-06,0.059294910215530676,0.05930130794960018,0.940700824628423,0.9406986920503998,3.6937334872402684e-06,0.9406986920503998,0.9407050897844693,0.0,0.0,0.0,0.0,0.0,19786.0,19786.0,0.0,19786.0,19786.0,313878.0,313866.0,20.784609690826528,313866.0,313902.0,0.0,0.0,0.0,0.0,0.0,19786.0,19786.0,0.0,19786.0,19786.0,0.0,0.0,0.0,0.0,0.0,0.0,0.0,0.0,0.0,0.0,19786.0,19786.0,0.0,19786.0,19786.0,0.0,0.0,0.0,0.0,0.0,0.0,0.0,0.0,0.0,0.0,3097.6874077902216,3132.1136996817427,64.12369863580783,3023.7030407312445,3137.245482957678,387.2109259737777,391.51421246021783,8.015462329475978,377.96288009140557,392.1556853697098,3097.704524094786,3132.1285366162024,64.11876952150784,3023.7258275448216,3137.2592081233324,387.21306551184824,391.5160670770253,8.01484619018848,377.9657284431027,392.15740101541655,24.408692751350255,24.680915447158565,0.5044192515473563,23.826644317920866,24.718518488971327,387.2109259737777,391.51421246021783,8.015462329475978,377.96288009140557,392.1556853697098,0.0,0.0,0.0,0.0,0.0,24.408827622927827,24.681032361536523,0.5043804144440225,23.82682387698964,24.718626630257315,387.21306551184824,391.5160670770253,8.01484619018848,377.9657284431027,392.15740101541655,0.0,0.0,0.0,0.0,0.0,0.027700399999999997,0.027700399999999997,0.0,0.027700399999999997,0.027700399999999997,1.3810632,1.3810104,9.145228263957435e-05,1.3810104,1.3811688,0.0,0.0,0.0,0.0,0.0,1.4087636000000001,1.4087108000000002,9.145228263957435e-05,1.4087108000000002,1.4088692,9.92834553266568,10.039065422300917,0.20515786795944094,9.69161420004107,10.054356975655052,9.92834553266568,10.039065422300917,0.20515786795944094,9.69161420004107,10.054356975655052,9.931676996209633,10.039065422300917,0.20828455132106677,9.69161420004107,10.064351366286916,0.0,0.0,0.0,0.0,0.0,0.0,0.0,0.0,0.0,0.0,101.3552447160085,100.20853114128113,2.1195239225441505,100.05612516403198,103.8010778427124,101.3552447160085,100.20853114128113,2.1195239225441505,100.05612516403198,103.8010778427124,101.3552447160085,100.20853114128113,2.1195239225441505,100.05612516403198,103.8010778427124,101.3552447160085,100.20853114128113,2.1195239225441505,100.05612516403198,103.8010778427124
vllm_batch_n328_delay0_max1024_arrivalall_at_once,vllm_batch_n328_delay0_max1024_arrivalall_at_once,vllm_batch,3,328,0.0,1024,32,all_at_once,0.0,0,8,completion,upstream,1.4,4.4,0.26,none,,,328.0,328.0,0.0,328.0,328.0,0.0,0.0,0.0,0.0,0.0,0.0,0.0,0.0,0.0,0.0,0.0,0.0,0.0,0.0,0.0,265.7188346666666,101.959171,285.0875325443075,100.289183,594.90815,0.0,0.0,0.0,0.0,0.0,265.7188346666666,101.959171,285.0875325443075,100.289183,594.90815,265.71794,101.958124,285.0876176901225,100.288342,594.907354,20787.0,20787.0,0.0,20787.0,20787.0,329989.3333333333,329964.0,43.878620458411554,329964.0,330040.0,350776.3333333333,350751.0,43.878620458411554,350751.0,350827.0,0.0,0.0,0.0,0.0,0.0,0.0,0.0,0.0,0.0,0.0,20787.0,20787.0,0.0,20787.0,20787.0,350776.3333333333,350751.0,43.878620458411554,350751.0,350827.0,0.05925998490061834,0.05926426439268883,7.412297696683219e-06,0.05925142591647735,0.05926426439268883,0.9407400150993817,0.9407357356073112,7.412297696679212e-06,0.9407357356073112,0.9407485740835226,0.0,0.0,0.0,0.0,0.0,20787.0,20787.0,0.0,20787.0,20787.0,329989.3333333333,329964.0,43.878620458411554,329964.0,330040.0,0.0,0.0,0.0,0.0,0.0,20787.0,20787.0,0.0,20787.0,20787.0,0.0,0.0,0.0,0.0,0.0,0.0,0.0,0.0,0.0,0.0,20787.0,20787.0,0.0,20787.0,20787.0,0.0,0.0,0.0,0.0,0.0,0.0,0.0,0.0,0.0,0.0,2360.3789416928544,3236.2365894123627,1563.9312544992845,554.7747161027983,3290.125519563402,295.0473677116068,404.52957367654534,195.49140681241056,69.34683951284978,411.26568994542527,2360.3994638591375,3236.2698263387306,1563.948333092224,554.7754584786505,3290.153106760032,295.0499329823922,404.5337282923413,195.493541636528,69.34693230983132,411.269138345004,18.586994291643922,25.48446572357696,12.316105675841296,4.3676910463992495,25.90882610495556,295.0473677116068,404.52957367654534,195.49140681241056,69.34683951284978,411.26568994542527,0.0,0.0,0.0,0.0,0.0,18.587155897563814,25.484727455155408,12.316240165821815,4.367696891057034,25.909043346479006,295.0499329823922,404.5337282923413,195.493541636528,69.34693230983132,411.269138345004,0.0,0.0,0.0,0.0,0.0,0.0291018,0.0291018,0.0,0.0291018,0.0291018,1.4519530666666667,1.4518416,0.0001930659300170501,1.4518416,1.4521760000000001,0.0,0.0,0.0,0.0,0.0,1.4810548666666667,1.4809434000000001,0.0001930659300170501,1.4809434000000001,1.4812778000000002,7.196297236907374,9.866795908937831,4.768417802209745,1.6910196074097756,10.031076194374515,7.196297236907374,9.866795908937831,4.768417802209745,1.6910196074097756,10.031076194374515,7.196857548241837,9.866795908937831,4.76744745853708,1.692700541413165,10.031076194374515,0.0,0.0,0.0,0.0,0.0,0.0,0.0,0.0,0.0,0.0,265.71793993314105,101.95812392234802,285.0876176422752,100.28834199905396,594.9073538780212,265.71793993314105,101.95812392234802,285.0876176422752,100.28834199905396,594.9073538780212,265.71793993314105,101.95812392234802,285.0876176422752,100.28834199905396,594.9073538780212,265.71793993314105,101.95812392234802,285.0876176422752,100.28834199905396,594.9073538780212
vllm_batch_n348_delay0_max1024_arrivalall_at_once,vllm_batch_n348_delay0_max1024_arrivalall_at_once,vllm_batch,3,348,0.0,1024,32,all_at_once,0.0,0,8,completion,upstream,1.4,4.4,0.26,none,,,348.0,348.0,0.0,348.0,348.0,0.0,0.0,0.0,0.0,0.0,0.0,0.0,0.0,0.0,0.0,0.0,0.0,0.0,0.0,0.0,100.98117666666667,100.365747,1.515918198667175,99.869757,102.708026,0.0,0.0,0.0,0.0,0.0,100.98117666666667,100.365747,1.515918198667175,99.869757,102.708026,100.98040099999999,100.364881,1.5160117033931477,99.868956,102.707366,22069.0,22069.0,0.0,22069.0,22069.0,350860.6666666667,350927.0,213.37838066058455,350622.0,351033.0,372929.6666666667,372996.0,213.37838066058455,372691.0,373102.0,0.0,0.0,0.0,0.0,0.0,0.0,0.0,0.0,0.0,0.0,22069.0,22069.0,0.0,22069.0,22069.0,372929.6666666667,372996.0,213.37838066058455,372691.0,373102.0,0.059177391316158366,0.059166854336239534,3.386756856613028e-05,0.05915004475987799,0.059215274852357586,0.9408226086838417,0.9408331456637604,3.3867568566124004e-05,0.9407847251476424,0.940849955240122,0.0,0.0,0.0,0.0,0.0,22069.0,22069.0,0.0,22069.0,22069.0,350860.6666666667,350927.0,213.37838066058455,350622.0,351033.0,0.0,0.0,0.0,0.0,0.0,22069.0,22069.0,0.0,22069.0,22069.0,0.0,0.0,0.0,0.0,0.0,0.0,0.0,0.0,0.0,0.0,22069.0,22069.0,0.0,22069.0,22069.0,0.0,0.0,0.0,0.0,0.0,0.0,0.0,0.0,0.0,0.0,3475.0247065173157,3497.537861075558,50.906080571270365,3416.7436947067067,3510.7925637696826,434.37808831466447,437.19223263444474,6.363260071408796,427.09296183833834,438.8490704712103,3475.0514731023054,3497.5680457255667,50.91007374212424,3416.7656568065836,3510.8207167747655,434.3814341377882,437.19600571569583,6.36375921776553,427.09570710082295,438.8525895968457,27.322283918001855,27.4857218039602,0.4070615681808217,26.858903916798333,27.62222603324703,434.37808831466447,437.19223263444474,6.363260071408796,427.09296183833834,438.8490704712103,0.0,0.0,0.0,0.0,0.0,27.322494369487604,27.485959012798485,0.407092530944603,26.85907656010527,27.622447535559058,434.3814341377882,437.19600571569583,6.36375921776553,427.09570710082295,438.8525895968457,0.0,0.0,0.0,0.0,0.0,0.0308966,0.0308966,0.0,0.0308966,0.0308966,1.5437869333333334,1.5440788,0.0009388648749065825,1.5427368000000001,1.5445452000000002,0.0,0.0,0.0,0.0,0.0,1.5746835333333333,1.5749754,0.0009388648749065825,1.5736334,1.5754418000000001,9.986945058056497,10.053317375110307,0.1508482394433415,9.814291240232402,10.093226558826782,9.986945058056497,10.053317375110307,0.1508482394433415,9.814291240232402,10.093226558826782,9.990190524736468,10.053317375110307,0.14527822915466213,9.824027640272314,10.093226558826782,0.0,0.0,0.0,0.0,0.0,0.0,0.0,0.0,0.0,0.0,100.98040088017781,100.36488080024719,1.5160115696399592,99.86895608901978,102.70736575126648,100.98040088017781,100.36488080024719,1.5160115696399592,99.86895608901978,102.70736575126648,100.98040088017781,100.36488080024719,1.5160115696399592,99.86895608901978,102.70736575126648,100.98040088017781,100.36488080024719,1.5160115696399592,99.86895608901978,102.70736575126648
vllm_batch_n368_delay0_max1024_arrivalall_at_once,vllm_batch_n368_delay0_max1024_arrivalall_at_once,vllm_batch,3,368,0.0,1024,32,all_at_once,0.0,0,8,completion,upstream,1.4,4.4,0.26,none,,,368.0,368.0,0.0,368.0,368.0,0.0,0.0,0.0,0.0,0.0,0.0,0.0,0.0,0.0,0.0,0.0,0.0,0.0,0.0,0.0,99.74351666666666,98.381283,3.011286017966462,97.654059,103.195208,0.0,0.0,0.0,0.0,0.0,99.743517,98.381283,3.0112865910922553,97.654059,103.195209,99.742654,98.38044,3.0112568038689442,97.653211,103.194311,23342.0,23342.0,0.0,23342.0,23342.0,362733.0,361628.0,1913.9161423636094,361628.0,364943.0,386075.0,384970.0,1913.9161423636094,384970.0,388285.0,0.0,0.0,0.0,0.0,0.0,0.0,0.0,0.0,0.0,0.0,23342.0,23342.0,0.0,23342.0,23342.0,386075.0,384970.0,1913.9161423636094,384970.0,388285.0,0.060460742970712744,0.06063329610099488,0.0002988707886537111,0.060115636710148475,0.06063329610099488,0.9395392570292872,0.9393667038990051,0.000298870788653683,0.9393667038990051,0.9398843632898515,0.0,0.0,0.0,0.0,0.0,23342.0,23342.0,0.0,23342.0,23342.0,362733.0,361628.0,1913.9161423636094,361628.0,364943.0,0.0,0.0,0.0,0.0,0.0,23342.0,23342.0,0.0,23342.0,23342.0,0.0,0.0,0.0,0.0,0.0,0.0,0.0,0.0,0.0,0.0,23342.0,23342.0,0.0,23342.0,23342.0,0.0,0.0,0.0,0.0,0.0,0.0,0.0,0.0,0.0,0.0,3638.45594786907,3675.780481895826,89.40777973512611,3536.433555814225,3703.1538058971587,454.80699348363373,459.47256023697827,11.175972466890764,442.05419447677815,462.89422573714484,3638.4874237185545,3675.8119806341488,89.40842654278119,3536.4643341733718,3703.1859563481435,454.8109279648193,459.4764975792686,11.176053317847648,442.05804177167147,462.89824454351793,29.270028811831533,29.657572148869964,0.8695540587758883,28.2740839185214,29.87843036810323,454.80699348363373,459.47256023697827,11.175972466890764,442.05419447677815,462.89422573714484,0.0,0.0,0.0,0.0,0.0,29.27028201884627,29.65782629247538,0.8695605186702567,28.2743299940932,29.878689769970233,454.8109279648193,459.4764975792686,11.176053317847648,442.05804177167147,462.89824454351793,0.0,0.0,0.0,0.0,0.0,0.0326788,0.0326788,0.0,0.0326788,0.0326788,1.5960252000000004,1.5911632000000002,0.008421231026399875,1.5911632000000002,1.6057492000000002,0.0,0.0,0.0,0.0,0.0,1.6287040000000002,1.6238420000000002,0.008421231026399875,1.6238420000000002,1.6384280000000002,9.89032995099243,9.991823578272058,0.243096662948395,9.612933032007696,10.066233242697537,9.89032995099243,9.991823578272058,0.243096662948395,9.612933032007696,10.066233242697537,9.89032995099243,9.991823578272058,0.243096662948395,9.612933032007696,10.066233242697537,0.0,0.0,0.0,0.0,0.0,0.0,0.0,0.0,0.0,0.0,99.74265400568645,98.38043999671936,3.011256708813313,97.65321111679077,103.1943109035492,99.74265400568645,98.38043999671936,3.011256708813313,97.65321111679077,103.1943109035492,99.74265400568645,98.38043999671936,3.011256708813313,97.65321111679077,103.1943109035492,99.74265400568645,98.38043999671936,3.011256708813313,97.65321111679077,103.1943109035492
vllm_batch_n384_delay0_max1024_arrivalall_at_once,vllm_batch_n384_delay0_max1024_arrivalall_at_once,vllm_batch,3,384,0.0,1024,32,all_at_once,0.0,0,8,completion,upstream,1.4,4.4,0.26,none,,,384.0,384.0,0.0,384.0,384.0,0.0,0.0,0.0,0.0,0.0,0.0,0.0,0.0,0.0,0.0,0.0,0.0,0.0,0.0,0.0,107.627597,106.36341,3.2356781765646883,105.214861,111.30452,0.0,0.0,0.0,0.0,0.0,107.627597,106.36341,3.2356781765646883,105.214861,111.30452,107.62664266666667,106.362505,3.235551739506623,105.214001,111.303422,24352.0,24352.0,0.0,24352.0,24352.0,387298.0,387352.0,277.9622276497294,386997.0,387545.0,411650.0,411704.0,277.9622276497294,411349.0,411897.0,0.0,0.0,0.0,0.0,0.0,0.0,0.0,0.0,0.0,0.0,24352.0,24352.0,0.0,24352.0,24352.0,411650.0,411704.0,277.9622276497294,411349.0,411897.0,0.0591570688778548,0.05914929172415133,3.995274516173604e-05,0.05912157651063251,0.0592003383987806,0.9408429311221452,0.9408507082758487,3.995274516171717e-05,0.9407996616012194,0.9408784234893675,0.0,0.0,0.0,0.0,0.0,24352.0,24352.0,0.0,24352.0,24352.0,387298.0,387352.0,277.9622276497294,386997.0,387545.0,0.0,0.0,0.0,0.0,0.0,24352.0,24352.0,0.0,24352.0,24352.0,0.0,0.0,0.0,0.0,0.0,0.0,0.0,0.0,0.0,0.0,24352.0,24352.0,0.0,24352.0,24352.0,0.0,0.0,0.0,0.0,0.0,0.0,0.0,0.0,0.0,0.0,3600.6889986084475,3641.7786989220795,109.18486363977043,3476.9207894472997,3683.3675074559637,450.08612482605594,455.22233736525993,13.648107954971303,434.61509868091247,460.42093843199547,3600.7207929390192,3641.8096785979847,109.18265277771327,3476.955086437476,3683.397613781597,450.0900991173774,455.2262098247481,13.647831597214159,434.6193858046845,460.42470172269964,28.299511279696002,28.618864390835235,0.8383712694069119,27.348395163470467,28.931274284782294,450.08612482605594,455.22233736525993,13.648107954971303,434.61509868091247,460.42093843199547,0.0,0.0,0.0,0.0,0.0,28.29976117811384,28.6191078441631,0.8383537114225066,27.348664933102008,28.93151075707642,450.0900991173774,455.2262098247481,13.647831597214159,434.6193858046845,460.42470172269964,0.0,0.0,0.0,0.0,0.0,0.03409279999999999,0.03409279999999999,0.0,0.03409279999999999,0.03409279999999999,1.7041112,1.7043488,0.0012230338016588197,1.7027868000000002,1.7051980000000002,0.0,0.0,0.0,0.0,0.0,1.7382040000000003,1.7384416,0.0012230338016588197,1.7368796000000002,1.7392908000000002,9.377576480641425,9.486425694730805,0.28298856342926754,9.056325312932596,9.589978434260876,9.377576480641425,9.486425694730805,0.28298856342926754,9.056325312932596,9.589978434260876,9.38074462680405,9.486425694730805,0.28658576340244757,9.056325312932596,9.599482872748748,0.0,0.0,0.0,0.0,0.0,0.0,0.0,0.0,0.0,0.0,107.62664270401001,106.36250495910645,3.2355518905412173,105.21400094032288,111.30342221260071,107.62664270401001,106.36250495910645,3.2355518905412173,105.21400094032288,111.30342221260071,107.62664270401001,106.36250495910645,3.2355518905412173,105.21400094032288,111.30342221260071,107.62664270401001,106.36250495910645,3.2355518905412173,105.21400094032288,111.30342221260071
